Cluster,Cost
1,259925.62790753652
2,189955.61274745027
3,174114.00177243983
4,167347.3722311511
5,162339.20337464637
6,159182.790192259
7,157158.9622158723
8,155473.34615621323
9,154053.57884856366
